{"cameraMode":{"drawMode":0,"name":"Shaded","section":"Shading Mode"},"sceneLighting":false,"audioPlay":false,"sceneViewState":{"m_AlwaysRefresh":true,"showFog":true,"showSkybox":false,"showFlares":true,"showImageEffects":true,"showParticleSystems":true,"showVisualEffectGraphs":true,"m_FxEnabled":true},"in2DMode":false,"pivot":{"x":0.00550609827041626,"y":0.8896401524543762,"z":-0.035166189074516299},"rotation":{"x":0.11393457651138306,"y":0.6100590229034424,"z":-0.0889013335108757,"w":0.77913498878479},"size":1.4218683242797852,"orthographic":false}