{"cameraMode":{"drawMode":0,"name":"Shaded","section":"Shading Mode"},"sceneLighting":false,"audioPlay":false,"sceneViewState":{"m_AlwaysRefresh":false,"showFog":true,"showSkybox":false,"showFlares":true,"showImageEffects":true,"showParticleSystems":true,"showVisualEffectGraphs":true,"m_FxEnabled":true},"in2DMode":false,"pivot":{"x":-0.18286201357841493,"y":0.0735103115439415,"z":-0.12740670144557954},"rotation":{"x":-0.006293789949268103,"y":-0.06477096676826477,"z":0.000437289709225297,"w":-0.9978959560394287},"size":0.30206799507141116,"orthographic":false}