{"cameraMode":{"drawMode":0,"name":"Shaded","section":"Shading Mode"},"sceneLighting":true,"audioPlay":false,"sceneViewState":{"m_AlwaysRefresh":true,"showFog":true,"showSkybox":true,"showFlares":true,"showImageEffects":true,"showParticleSystems":true,"showVisualEffectGraphs":true,"m_FxEnabled":true},"in2DMode":false,"pivot":{"x":-21.588529586791993,"y":-5.234739303588867,"z":17.990568161010743},"rotation":{"x":0.19669629633426667,"y":-0.5040885806083679,"z":0.11912404000759125,"w":0.832567036151886},"size":21.051616668701173,"orthographic":false}