{"cameraMode":{"drawMode":0,"name":"Shaded","section":"Shading Mode"},"sceneLighting":false,"audioPlay":false,"sceneViewState":{"m_AlwaysRefresh":true,"showFog":true,"showSkybox":false,"showFlares":true,"showImageEffects":true,"showParticleSystems":true,"showVisualEffectGraphs":true,"m_FxEnabled":true},"in2DMode":false,"pivot":{"x":-0.14912569522857667,"y":0.10289111733436585,"z":0.01337016373872757},"rotation":{"x":-0.06557229161262512,"y":-0.7243438959121704,"z":0.06925652176141739,"w":-0.6828705072402954},"size":0.860334575176239,"orthographic":false}